alpha,mean_fa,std_fa
0.001,1.1,1.946792233393178
0.005,1.0,1.7888543819998317
0.01,1.05,1.8567444627627145
0.05,0.95,1.6575584454250776
0.1,1.05,1.8567444627627143
