stream_type,eadd_mean_fa,eadd_std_fa,d3_06_mean_fa,d3_06_std_fa,d3_07_mean_fa,d3_07_std_fa,d3_08_mean_fa,d3_08_std_fa
Gaussian (i.i.d.),0.0,0.0,10.4,3.2619012860600183,0.0,0.0,0.0,0.0
Autocorrelated,0.0,0.0,87.4,1.624807680927192,54.6,5.748043145279966,13.8,4.069397989875161
Heteroscedastic,0.0,0.0,10.4,3.2619012860600183,0.0,0.0,0.0,0.0
Correlated,0.0,0.0,10.0,4.242640687119285,0.0,0.0,0.0,0.0
