drift_type,detector,mean_f1,std_f1,mean_precision,mean_recall,mean_delay,std_delay,mean_false_positives,mean_runtime,mean_detections
abrupt,EADD,1.0,0.0,1.0,1.0,149.0,0.0,0.0,12.265855108597316,1.0
abrupt,D3,1.0,0.0,1.0,1.0,122.0,0.0,0.0,0.07541751639801078,1.0
gradual,EADD,1.0,0.0,1.0,1.0,589.0,65.19202405202648,0.0,12.326404400198953,1.0
gradual,D3,0.9333333333333332,0.149071198499986,0.9,1.0,725.0,142.12846301849606,0.2,0.07487821700633504,1.2
incremental,EADD,1.0,0.0,1.0,1.0,1759.0,129.42179105544784,0.0,12.086170725192641,1.0
incremental,D3,0.0,0.0,0.0,0.0,,,0.0,0.07817199180135503,0.0
recurring,EADD,0.4,0.0,0.25,1.0,149.0,0.0,3.0,13.169505766610381,4.0
recurring,D3,0.4,0.0,0.25,1.0,122.0,0.0,3.0,0.06829250840819441,4.0
